<?xml version="1.0" encoding="UTF-8"?>
<project-private xmlns="http://www.netbeans.org/ns/project-private/1">
    <editor-bookmarks xmlns="http://www.netbeans.org/ns/editor-bookmarks/2" lastBookmarkId="0"/>
    <open-files xmlns="http://www.netbeans.org/ns/projectui-open-files/2">
        <group>
            <file>file:/C:/Users/mursi/OneDrive/Documents/NetBeansProjects/PertemuanKetigasbelass/src/pertemuanketigabelas/FromResetSandi.java</file>
            <file>file:/C:/Users/mursi/OneDrive/Documents/NetBeansProjects/PertemuanKetigasbelass/src/pertemuankeduabelas/DataMahasiswa.java</file>
            <file>file:/C:/Users/mursi/OneDrive/Documents/NetBeansProjects/PertemuanKetigasbelass/src/pertemuanketigabelas/Login.java</file>
            <file>file:/C:/Users/mursi/OneDrive/Documents/NetBeansProjects/PertemuanKetigasbelass/src/META-INF/persistence.xml</file>
            <file>file:/C:/Users/mursi/OneDrive/Documents/NetBeansProjects/PertemuanKetigasbelass/src/pertemuanketigabelas/FromDaftar.java</file>
            <file>file:/C:/Users/mursi/OneDrive/Documents/NetBeansProjects/PertemuanKetigasbelass/src/pertemuanketigabelas/FromLogin.java</file>
            <file>file:/C:/Users/mursi/OneDrive/Documents/NetBeansProjects/PertemuanKetigasbelass/src/pertemuanketigabelas/FromLupaSandi.java</file>
            <file>file:/C:/Users/mursi/OneDrive/Documents/NetBeansProjects/PertemuanKetigasbelass/src/pertemuankeduabelas/Mahasiswa.java</file>
            <file>file:/C:/Users/mursi/OneDrive/Documents/NetBeansProjects/PertemuanKetigasbelass/src/pertemuankeduabelas/Prodi.java</file>
            <file>file:/C:/Users/mursi/OneDrive/Documents/NetBeansProjects/PertemuanKetigasbelass/src/pertemuankeduabelas/ReportConnection.java</file>
        </group>
    </open-files>
</project-private>
